species,type,N_flank_position,C_flank_position,length
Ochotona_princeps,insertion,2,4,1
Jaculus_jaculus,deletion,6,7,1
Mus_pahari,deletion,6,7,1
Mus_caroli,deletion,6,7,1
Mus_musculus,deletion,6,7,1
Rattus_norvegicus,deletion,6,7,1
Peromyscus_maniculatus,deletion,6,7,1
Microtus_ochrogaster,deletion,6,7,1
Nannospalax_galili,deletion,6,7,1
Dipodomys_ordii,deletion,6,7,1
Mus_caroli,insertion,10,12,1
Mus_musculus,insertion,10,12,1
Trichosurus_vulpecula,insertion,16,19,2
Monodelphis_domestica,insertion,16,19,2
Trichosurus_vulpecula,deletion,8,9,1
Monodelphis_domestica,deletion,8,9,1
Miniopterus_natalensis,deletion,8,9,1
Erinaceus_europaeus,deletion,28,29,1
Orycteropus_afer,deletion,30,31,1
Jaculus_jaculus,insertion,28,42,13
Mus_pahari,insertion,28,41,13
Mus_caroli,insertion,29,42,13
Mus_musculus,insertion,29,42,13
Rattus_norvegicus,insertion,28,41,13
Peromyscus_maniculatus,insertion,28,42,13
Microtus_ochrogaster,insertion,28,42,13
Nannospalax_galili,insertion,28,42,13
Dipodomys_ordii,insertion,28,42,13
Castor_canadensis,insertion,29,43,13
Octodon_degus,insertion,29,43,13
Cavia_porcellus,insertion,29,43,13
Heterocephalus_glaber,insertion,29,43,13
Fukomys_damarensis,insertion,29,43,13
Ictidomys_tridecemlineatus,insertion,29,43,13
Marmota_marmota,insertion,29,43,13
Oryctolagus_cuniculus,insertion,29,43,13
Ochotona_princeps,insertion,30,44,13
Chlorocebus_sabaeus,insertion,29,43,13
Cercocebus_atys,insertion,29,43,13
Mandrillus_leucophaeus,insertion,29,43,13
Papio_anubis,insertion,29,43,13
Macaca_mulatta,insertion,29,43,13
Macaca_fascicularis,insertion,29,43,13
Macaca_nemestrina,insertion,29,43,13
Colobus_angolensis,insertion,29,43,13
Rhinopithecus_roxellana,insertion,29,43,13
Gorilla_gorilla,insertion,29,43,13
Homo_sapiens,insertion,29,43,13
Pan_paniscus,insertion,29,43,13
Pan_troglodytes,insertion,29,43,13
Pongo_abelii,insertion,29,43,13
Nomascus_leucogenys,insertion,29,43,13
Aotus_nancymaae,insertion,29,43,13
Callithrix_jacchus,insertion,29,43,13
Cebus_capucinus,insertion,29,43,13
Saimiri_boliviensis,insertion,29,43,13
Carlito_syrichta,insertion,29,43,13
Otolemur_garnettii,insertion,29,43,13
Ovis_aries,insertion,29,43,13
Capra_hircus,insertion,29,43,13
Rupicapra_rupicapra,insertion,29,43,13
Capricornis_crispus,insertion,29,43,13
Naemorhedus_goral,insertion,29,43,13
Capricornis_sumatraensis,insertion,29,43,13
Capricornis_swinhoei,insertion,29,43,13
Oreamnos_americanus,insertion,29,43,13
Pantholops_hodgsonii,insertion,29,43,13
Saiga_tatarica,insertion,29,43,13
Bison_bison,insertion,29,43,13
Bos_mutus,insertion,29,43,13
Bos_taurus,insertion,29,43,13
Bubalus_bubalis,insertion,29,43,13
Odocoileus_virginianus,insertion,29,43,13
Cervus_nippon,insertion,29,43,13
Tursiops_truncatus,insertion,29,43,13
Orcinus_orca,insertion,29,43,13
Delphinapterus_leucas,insertion,29,43,13
Lipotes_vexillifer,insertion,29,43,13
Physeter_catodon,insertion,29,43,13
Balaenoptera_acutorostrata,insertion,29,43,13
Sus_scrofa,insertion,29,42,13
Camelus_bactrianus,insertion,29,43,13
Camelus_dromedarius,insertion,29,43,13
Lama_glama,insertion,29,43,13
Vicugna_pacos,insertion,29,43,13
Ceratotherium_simum,insertion,29,43,13
Equus_asinus,insertion,29,43,13
Equus_caballus,insertion,29,43,13
Mustela_putorius,insertion,29,43,13
Enhydra_lutris,insertion,29,43,13
Odobenus_rosmarus,insertion,29,43,13
Leptonychotes_weddellii,insertion,29,43,13
Neomonachus_schauinslandi,insertion,29,43,13
Ursus_maritimus,insertion,29,43,13
Ailuropoda_melanoleuca,insertion,29,43,13
Canis_lupus,insertion,29,43,13
Panthera_pardus,insertion,29,43,13
Panthera_tigris,insertion,29,43,13
Felis_catus,insertion,29,43,13
Acinonyx_jubatus,insertion,29,43,13
Manis_javanica,insertion,29,46,13
Rousettus_aegyptiacus,insertion,29,43,13
Pteropus_alecto,insertion,29,43,13
Pteropus_vampyrus,insertion,29,43,13
Rhinolophus_sinicus,insertion,29,43,13
Miniopterus_natalensis,insertion,29,43,13
Eptesicus_fuscus,insertion,29,43,13
Myotis_lucifugus,insertion,29,43,13
Myotis_brandtii,insertion,29,43,13
Condylura_cristata,insertion,29,38,13
Erinaceus_europaeus,insertion,28,40,13
Orycteropus_afer,insertion,29,42,13
Loxodonta_africana,insertion,29,43,13
Trichosurus_vulpecula,insertion,30,46,13
Monodelphis_domestica,insertion,30,46,13
Trichosurus_vulpecula,insertion,36,39,2
Monodelphis_domestica,insertion,36,39,2
Condylura_cristata,deletion,36,37,1
Condylura_cristata,deletion,35,36,2
Erinaceus_europaeus,deletion,34,36,2
Sus_scrofa,deletion,40,41,1
Mus_pahari,deletion,35,36,1
Mus_caroli,deletion,36,37,1
Mus_musculus,deletion,36,37,1
Rattus_norvegicus,deletion,35,36,1
Dipodomys_ordii,deletion,43,44,1
Dipodomys_ordii,deletion,44,45,1
Trichosurus_vulpecula,deletion,49,50,7
Monodelphis_domestica,deletion,49,50,7
Mus_musculus,insertion,49,52,2
Fukomys_damarensis,deletion,51,52,1
Nannospalax_galili,deletion,50,51,1
Jaculus_jaculus,deletion,51,52,1
Mus_pahari,deletion,50,51,1
Mus_caroli,deletion,51,52,1
Mus_musculus,deletion,53,54,1
Rattus_norvegicus,deletion,50,51,1
Peromyscus_maniculatus,deletion,51,52,1
Microtus_ochrogaster,deletion,51,52,1
Peromyscus_maniculatus,deletion,52,53,1
Condylura_cristata,deletion,55,56,1
Mus_pahari,deletion,58,59,1
Dipodomys_ordii,insertion,59,70,12
Castor_canadensis,insertion,62,75,12
Dipodomys_ordii,deletion,62,63,2
Canis_lupus,insertion,64,66,1
Aotus_nancymaae,deletion,64,65,2
Callithrix_jacchus,deletion,64,65,2
Cebus_capucinus,deletion,64,65,2
Saimiri_boliviensis,deletion,64,65,2
Carlito_syrichta,insertion,71,76,4
Trichosurus_vulpecula,insertion,67,69,1
Monodelphis_domestica,insertion,67,69,1
Jaculus_jaculus,insertion,72,76,3
Mus_pahari,insertion,70,74,3
Mus_caroli,insertion,72,76,3
Mus_musculus,insertion,74,78,3
Rattus_norvegicus,insertion,71,75,3
Peromyscus_maniculatus,insertion,71,75,3
Microtus_ochrogaster,insertion,72,76,3
Nannospalax_galili,insertion,72,76,3
Dipodomys_ordii,insertion,81,85,3
Castor_canadensis,insertion,86,90,3
Octodon_degus,insertion,74,78,3
Cavia_porcellus,insertion,74,78,3
Heterocephalus_glaber,insertion,74,78,3
Fukomys_damarensis,insertion,73,77,3
Ictidomys_tridecemlineatus,insertion,74,78,3
Marmota_marmota,insertion,74,78,3
Oryctolagus_cuniculus,insertion,74,78,3
Ochotona_princeps,insertion,75,79,3
Chlorocebus_sabaeus,insertion,74,78,3
Cercocebus_atys,insertion,74,78,3
Mandrillus_leucophaeus,insertion,74,78,3
Papio_anubis,insertion,74,78,3
Macaca_mulatta,insertion,74,78,3
Macaca_fascicularis,insertion,74,78,3
Macaca_nemestrina,insertion,74,78,3
Colobus_angolensis,insertion,74,78,3
Rhinopithecus_roxellana,insertion,74,78,3
Gorilla_gorilla,insertion,74,78,3
Homo_sapiens,insertion,74,78,3
Pan_paniscus,insertion,74,78,3
Pan_troglodytes,insertion,74,78,3
Pongo_abelii,insertion,74,78,3
Nomascus_leucogenys,insertion,74,78,3
Aotus_nancymaae,insertion,72,76,3
Callithrix_jacchus,insertion,72,76,3
Cebus_capucinus,insertion,72,76,3
Saimiri_boliviensis,insertion,72,76,3
Carlito_syrichta,insertion,78,82,3
Otolemur_garnettii,insertion,74,78,3
Ovis_aries,insertion,74,78,3
Capra_hircus,insertion,74,78,3
Rupicapra_rupicapra,insertion,74,78,3
Capricornis_crispus,insertion,74,78,3
Naemorhedus_goral,insertion,74,78,3
Capricornis_sumatraensis,insertion,74,78,3
Capricornis_swinhoei,insertion,74,78,3
Oreamnos_americanus,insertion,74,78,3
Pantholops_hodgsonii,insertion,74,78,3
Saiga_tatarica,insertion,74,78,3
Bison_bison,insertion,74,78,3
Bos_mutus,insertion,74,78,3
Bos_taurus,insertion,74,78,3
Bubalus_bubalis,insertion,74,78,3
Odocoileus_virginianus,insertion,74,78,3
Cervus_nippon,insertion,74,78,3
Tursiops_truncatus,insertion,74,78,3
Orcinus_orca,insertion,74,78,3
Delphinapterus_leucas,insertion,74,78,3
Lipotes_vexillifer,insertion,74,78,3
Physeter_catodon,insertion,74,78,3
Balaenoptera_acutorostrata,insertion,74,78,3
Sus_scrofa,insertion,73,77,3
Camelus_bactrianus,insertion,74,78,3
Camelus_dromedarius,insertion,74,78,3
Lama_glama,insertion,74,78,3
Vicugna_pacos,insertion,74,78,3
Ceratotherium_simum,insertion,74,78,3
Equus_asinus,insertion,74,78,3
Equus_caballus,insertion,74,78,3
Mustela_putorius,insertion,74,78,3
Enhydra_lutris,insertion,74,78,3
Odobenus_rosmarus,insertion,74,78,3
Leptonychotes_weddellii,insertion,74,78,3
Neomonachus_schauinslandi,insertion,74,78,3
Ursus_maritimus,insertion,74,78,3
Ailuropoda_melanoleuca,insertion,74,78,3
Canis_lupus,insertion,75,79,3
Panthera_pardus,insertion,74,78,3
Panthera_tigris,insertion,74,78,3
Felis_catus,insertion,74,78,3
Acinonyx_jubatus,insertion,74,78,3
Manis_javanica,insertion,77,81,3
Rousettus_aegyptiacus,insertion,74,78,3
Pteropus_alecto,insertion,74,78,3
Pteropus_vampyrus,insertion,74,78,3
Rhinolophus_sinicus,insertion,74,78,3
Miniopterus_natalensis,insertion,73,77,3
Eptesicus_fuscus,insertion,74,78,3
Myotis_lucifugus,insertion,74,78,3
Myotis_brandtii,insertion,74,78,3
Condylura_cristata,insertion,68,72,3
Erinaceus_europaeus,insertion,71,75,3
Orycteropus_afer,insertion,73,77,3
Loxodonta_africana,insertion,74,78,3
Erinaceus_europaeus,deletion,74,75,3
Fukomys_damarensis,deletion,77,78,3
Ovis_aries,insertion,82,91,8
Capra_hircus,insertion,82,91,8
Rupicapra_rupicapra,insertion,82,91,8
Capricornis_crispus,insertion,82,91,8
Naemorhedus_goral,insertion,82,91,8
Capricornis_sumatraensis,insertion,82,91,8
Capricornis_swinhoei,insertion,82,91,8
Oreamnos_americanus,insertion,82,91,8
Pantholops_hodgsonii,insertion,82,91,8
Saiga_tatarica,insertion,82,91,8
Bison_bison,insertion,82,91,8
Bos_mutus,insertion,82,91,8
Bos_taurus,insertion,82,91,8
Bubalus_bubalis,insertion,82,91,8
Odocoileus_virginianus,insertion,82,91,8
Cervus_nippon,insertion,82,91,8
Ictidomys_tridecemlineatus,insertion,89,91,1
Marmota_marmota,insertion,89,91,1
Monodelphis_domestica,deletion,83,84,1
Trichosurus_vulpecula,deletion,83,84,1
Oryctolagus_cuniculus,deletion,91,92,2
Otolemur_garnettii,insertion,111,115,3
Trichosurus_vulpecula,insertion,104,106,1
Monodelphis_domestica,insertion,104,106,1
Jaculus_jaculus,insertion,114,134,19
Nannospalax_galili,insertion,114,117,2
Orycteropus_afer,deletion,115,116,1
Ovis_aries,insertion,131,134,2
Capra_hircus,insertion,131,134,2
Rupicapra_rupicapra,insertion,131,134,2
Capricornis_crispus,insertion,131,134,2
Naemorhedus_goral,insertion,131,134,2
Capricornis_sumatraensis,insertion,131,134,2
Oreamnos_americanus,insertion,131,134,2
Pantholops_hodgsonii,insertion,131,134,2
Jaculus_jaculus,deletion,136,137,3
Nannospalax_galili,insertion,127,135,7
Cavia_porcellus,insertion,127,129,1
Octodon_degus,insertion,127,129,1
Cavia_porcellus,insertion,128,181,52
Sus_scrofa,insertion,126,133,6
Myotis_lucifugus,insertion,127,202,74
Myotis_brandtii,insertion,127,202,74
Fukomys_damarensis,deletion,122,123,3
Trichosurus_vulpecula,deletion,125,126,1
Monodelphis_domestica,deletion,125,126,1
Fukomys_damarensis,deletion,124,125,2
Peromyscus_maniculatus,insertion,129,131,1
Saiga_tatarica,insertion,142,155,12
Bos_mutus,insertion,146,151,4
Trichosurus_vulpecula,insertion,139,143,3
Monodelphis_domestica,insertion,139,143,3
Orycteropus_afer,insertion,144,146,1
Ovis_aries,deletion,155,156,1
Capra_hircus,deletion,155,156,1
Rupicapra_rupicapra,deletion,155,156,1
Capricornis_crispus,deletion,155,156,1
Naemorhedus_goral,deletion,155,156,1
Capricornis_sumatraensis,deletion,155,156,1
Capricornis_swinhoei,deletion,155,156,1
Oreamnos_americanus,deletion,155,156,1
Pantholops_hodgsonii,deletion,155,156,1
Saiga_tatarica,deletion,165,166,1
Bison_bison,deletion,153,154,1
Bos_mutus,deletion,157,158,1
Bos_taurus,deletion,153,154,1
Bubalus_bubalis,deletion,153,154,1
Odocoileus_virginianus,deletion,153,154,1
Cervus_nippon,deletion,153,154,1
Tursiops_truncatus,deletion,145,146,1
Orcinus_orca,deletion,145,146,1
Delphinapterus_leucas,deletion,145,146,1
Lipotes_vexillifer,deletion,145,146,1
Physeter_catodon,deletion,145,146,1
Balaenoptera_acutorostrata,deletion,145,146,1
Otolemur_garnettii,insertion,149,192,42
Jaculus_jaculus,deletion,160,161,2
Mus_pahari,deletion,142,143,2
Mus_caroli,deletion,144,145,2
Mus_musculus,deletion,146,147,2
Rattus_norvegicus,deletion,143,144,2
Peromyscus_maniculatus,deletion,144,145,2
Microtus_ochrogaster,deletion,144,145,2
Nannospalax_galili,deletion,153,154,2
Dipodomys_ordii,deletion,153,154,2
Castor_canadensis,deletion,158,159,2
Octodon_degus,deletion,147,148,2
Cavia_porcellus,deletion,199,200,2
Heterocephalus_glaber,deletion,146,147,2
Fukomys_damarensis,deletion,136,137,2
Ictidomys_tridecemlineatus,deletion,147,148,2
Marmota_marmota,deletion,147,148,2
Oryctolagus_cuniculus,deletion,144,145,2
Ochotona_princeps,deletion,147,148,2
Orycteropus_afer,deletion,149,150,1
Orycteropus_afer,insertion,152,154,1
Rousettus_aegyptiacus,deletion,145,146,1
Pteropus_alecto,deletion,145,146,1
Pteropus_vampyrus,deletion,145,146,1
Rhinolophus_sinicus,deletion,145,146,1
Miniopterus_natalensis,deletion,144,145,1
Eptesicus_fuscus,deletion,145,146,1
Myotis_lucifugus,deletion,219,220,1
Myotis_brandtii,deletion,219,220,1
Ursus_maritimus,deletion,130,131,1
Ailuropoda_melanoleuca,deletion,130,131,1
